Painting,count,proportion
The Persistence of Memory,562,0.3333333333333333
The Starry Night,562,0.3333333333333333
The Water Lily Pond,562,0.3333333333333333
